"","BTC","ETH","SOL","BNB"
"BTC",1,0.81296499007711,0.560316842596457,0.658626399466645
"ETH",0.81296499007711,1,0.631292631676758,0.683123623487723
"SOL",0.560316842596457,0.631292631676758,1,0.550412949461078
"BNB",0.658626399466645,0.683123623487723,0.550412949461078,1
